{"files":["satya360.space_wpvivid-408f630a42207_2025-10-17-05-09_backup_db.sql"],"tables":[{"name":"wpv3_aioseo_crawl_cleanup_logs","size":1024,"rows":"0"},{"name":"wpv3_aioseo_writing_assistant_posts","size":1024,"rows":"0"},{"name":"wpv3_extendify_agent_workflows","size":1024,"rows":"0"},{"name":"wpv3_hostinger_reach_contact_lists","size":1024,"rows":"0"},{"name":"wpv3_hostinger_reach_forms","size":1024,"rows":"0"},{"name":"wpv3_hustle_modules","size":1024,"rows":"0"},{"name":"wpv3_links","size":1024,"rows":"0"},{"name":"wpv3_litespeed_url_file","size":1024,"rows":"0"},{"name":"wpv3_nx_entries","size":1024,"rows":"0"},{"name":"wpv3_nx_posts","size":1024,"rows":"0"},{"name":"wpv3_nx_stats","size":1024,"rows":"0"},{"name":"wpv3_rzp_webhook_requests","size":1024,"rows":"0"},{"name":"wpv3_wc_download_log","size":1024,"rows":"0"},{"name":"wpv3_wc_order_coupon_lookup","size":1024,"rows":"0"},{"name":"wpv3_wc_order_tax_lookup","size":1024,"rows":"0"},{"name":"wpv3_wc_webhooks","size":1024,"rows":"0"},{"name":"wpv3_woocommerce_downloadable_product_permissions","size":1024,"rows":"0"},{"name":"wpv3_woocommerce_log","size":1024,"rows":"0"},{"name":"wpv3_woocommerce_payment_tokenmeta","size":1024,"rows":"0"},{"name":"wpv3_woocommerce_payment_tokens","size":1024,"rows":"0"},{"name":"wpv3_woocommerce_tax_rate_locations","size":1024,"rows":"0"},{"name":"wpv3_wpforms_logs","size":1024,"rows":"0"},{"name":"wpv3_extendify_agent_events","size":2048,"rows":"0"},{"name":"wpv3_woocommerce_api_keys","size":2048,"rows":"0"},{"name":"wpv3_wpforms_payments","size":2048,"rows":"0"},{"name":"wpv3_woocommerce_shipping_zones","size":2160,"rows":"3"},{"name":"wpv3_woocommerce_shipping_zone_methods","size":2304,"rows":"5"},{"name":"wpv3_wc_reserved_stock","size":2398,"rows":"0"},{"name":"wpv3_tinvwl_lists","size":2504,"rows":"8"},{"name":"wpv3_tinvwl_items","size":2528,"rows":"6"},{"name":"wpv3_wc_category_lookup","size":2626,"rows":"34"},{"name":"wpv3_wpforms_tasks_meta","size":2772,"rows":"8"},{"name":"wpv3_actionscheduler_claims","size":3100,"rows":"0"},{"name":"wpv3_user_registration_sessions","size":3124,"rows":"1"},{"name":"wpv3_yith_wcwl","size":3252,"rows":"3"},{"name":"wpv3_woocommerce_attribute_taxonomies","size":3256,"rows":"4"},{"name":"wpv3_e_events","size":3424,"rows":"2"},{"name":"wpv3_tinvwl_analytics","size":3488,"rows":"6"},{"name":"wpv3_aioseo_crawl_cleanup_blocked_args","size":4096,"rows":"0"},{"name":"wpv3_aioseo_seo_analyzer_results","size":4096,"rows":"0"},{"name":"wpv3_aioseo_writing_assistant_keywords","size":4096,"rows":"0"},{"name":"wpv3_hustle_entries","size":4096,"rows":"0"},{"name":"wpv3_hustle_entries_meta","size":4096,"rows":"0"},{"name":"wpv3_hustle_modules_meta","size":4096,"rows":"0"},{"name":"wpv3_hustle_tracking","size":4096,"rows":"0"},{"name":"wpv3_litespeed_url","size":4096,"rows":"0"},{"name":"wpv3_um_metadata","size":4096,"rows":"0"},{"name":"wpv3_wc_rate_limits","size":4096,"rows":"0"},{"name":"wpv3_wpforms_payment_meta","size":4096,"rows":"0"},{"name":"wpv3_yith_wcwl_itemmeta","size":4096,"rows":"0"},{"name":"wpv3_wc_product_attributes_lookup","size":4632,"rows":"29"},{"name":"wpv3_woocommerce_shipping_zone_locations","size":5280,"rows":"36"},{"name":"wpv3_woocommerce_tax_rates","size":6288,"rows":"2"},{"name":"wpv3_wc_customer_lookup","size":6764,"rows":"6"},{"name":"wpv3_wc_order_operational_data","size":7332,"rows":"7"},{"name":"wpv3_wc_order_product_lookup","size":8442,"rows":"13"},{"name":"wpv3_users","size":9148,"rows":"5"},{"name":"wpv3_aioseo_notifications","size":9264,"rows":"2"},{"name":"wpv3_yith_wcwl_lists","size":9264,"rows":"1"},{"name":"wpv3_wc_tax_rate_classes","size":9344,"rows":"4"},{"name":"wpv3_wc_product_download_directories","size":9380,"rows":"2"},{"name":"wpv3_actionscheduler_groups","size":9692,"rows":"15"},{"name":"wpv3_commentmeta","size":10852,"rows":"14"},{"name":"wpv3_woocommerce_order_items","size":11112,"rows":"87"},{"name":"wpv3_wc_order_stats","size":11772,"rows":"6"},{"name":"wpv3_comments","size":12752,"rows":"17"},{"name":"wpv3_wc_order_addresses","size":14712,"rows":"12"},{"name":"wpv3_term_taxonomy","size":16536,"rows":"123"},{"name":"wpv3_wc_orders","size":19052,"rows":"7"},{"name":"wpv3_terms","size":19344,"rows":"123"},{"name":"wpv3_termmeta","size":20820,"rows":"129"},{"name":"wpv3_aioseo_posts","size":21676,"rows":"33"},{"name":"wpv3_wc_admin_note_actions","size":23560,"rows":"90"},{"name":"wpv3_wc_product_meta_lookup","size":28284,"rows":"111"},{"name":"wpv3_wc_orders_meta","size":28868,"rows":"78"},{"name":"wpv3_bv_activities_store","size":29408,"rows":"3"},{"name":"wpv3_term_relationships","size":29505,"rows":"375"},{"name":"wpv3_wc_admin_notes","size":30388,"rows":"66"},{"name":"wpv3_usermeta","size":54528,"rows":"265"},{"name":"wpv3_woocommerce_order_itemmeta","size":71032,"rows":"843"},{"name":"wpv3_aioseo_cache","size":100748,"rows":"15"},{"name":"wpv3_posts","size":1033188,"rows":"800"},{"name":"wpv3_woocommerce_sessions","size":1073268,"rows":"69"},{"name":"wpv3_actionscheduler_logs","size":2448692,"rows":"19058"},{"name":"wpv3_postmeta","size":3364564,"rows":"5829"},{"name":"wpv3_actionscheduler_actions","size":3858712,"rows":"6364"},{"name":"wpv3_options","size":5322660,"rows":"1476"}],"dump_db":1,"file_type":"databases","home_url":"https:\/\/satya360.space","root_flag":"custom","php_version":"8.1.33","mysql_version":"11.4.8","wp_version":"6.8.3","find_zero_date":1,"file":"satya360.space_wpvivid-408f630a42207_2025-10-17-05-09_backup_db.part001.zip"}